SCHOOLID,Lat,Long,safe_passage,policy_implementation,Group,2013,2014,2015,2016,2017,2018
400009,41.8075785077,-87.7400974358,No,NA,All (Excludes Pre-K),96.5,96.4,95.9,96.3,96,95.3
400010,41.79612151,-87.6258490371,No,NA,All (Excludes Pre-K),90.8,89.4,88.1,87.6,85.4,91.2
400011,41.877248,-87.705235,No,NA,All (Excludes Pre-K),94.4,94.6,94.6,94.4,94.2,94.2
400013,41.937298,-87.727096,No,NA,All (Excludes Pre-K),96.1,91.7,87.6,90.8,90,89.3
400017,41.966405668,-87.7218246652,No,NA,All (Excludes Pre-K),94.8,95.2,95,94.9,93.8,95.3
400021,41.8822947837,-87.7653213752,No,NA,All (Excludes Pre-K),95.3,95.3,95.2,96.1,95.3,95.6
400023,41.743179,-87.587928,No,NA,All (Excludes Pre-K),98.7,96.4,94.4,95.6,95.6,95.1
400024,41.7940154237,-87.6702422406,No,NA,All (Excludes Pre-K),93.9,94,93.5,93.9,93.2,93.6
400025,41.9224139084,-87.6813946958,No,NA,All (Excludes Pre-K),94.9,94.3,93.8,95.1,94.5,93.9
400026,41.7202458543,-87.65759768,No,NA,All (Excludes Pre-K),97.8,94.4,95.3,92.5,91.8,90.9
400027,41.950891,-87.710492,No,NA,All (Excludes Pre-K),96.7,96.2,95.6,94,93.9,95
400028,41.684433,-87.616888,No,NA,All (Excludes Pre-K),95.3,95.6,95.1,95.6,94.8,94.8
400029,41.7836163451,-87.6221051133,No,NA,All (Excludes Pre-K),96.4,92.4,92.6,93.1,93,93.6
400030,41.9216867615,-87.7767852699,No,NA,All (Excludes Pre-K),96.7,96.6,96.4,96.4,96,95.5
400031,41.745365,-87.692614,No,NA,All (Excludes Pre-K),96.3,96,95,94.9,94.4,94.8
400032,41.748382,-87.66898,No,NA,All (Excludes Pre-K),94.4,95.8,95.6,91,88.7,89
400033,41.721221,-87.655768,No,NA,All (Excludes Pre-K),90,93,92.6,92.2,90.7,91.7
400034,41.9902175745,-87.7265036635,No,NA,All (Excludes Pre-K),95.9,95.7,95.4,94.3,93.4,94
400035,42.013031,-87.674818,No,NA,All (Excludes Pre-K),96,96.7,96.8,96.3,95.8,96.2
400036,41.88055,-87.649772,No,NA,All (Excludes Pre-K),95.3,95.1,94,95.1,71,88.8
400039,41.9067706354,-87.6943644455,No,NA,All (Excludes Pre-K),95.6,95.6,95.5,95.9,94.5,94.9
400040,41.8620768641,-87.7176419763,No,NA,All (Excludes Pre-K),95.6,95.7,95.3,96.1,92.1,95.2
400043,41.8833345926,-87.6680761082,No,NA,All (Excludes Pre-K),93.8,93.5,94.1,94.4,93.9,94.5
400044,41.858369744,-87.7210706465,No,NA,All (Excludes Pre-K),94.5,94.7,94.8,95.3,94.8,95.5
400045,41.69801305,-87.6310575134,No,NA,All (Excludes Pre-K),96.1,95.4,94.6,93.1,90.5,92.7
400046,41.8672727143,-87.7106794802,No,NA,All (Excludes Pre-K),95.4,94.9,94.9,96.7,96.1,96
400047,41.8778606316,-87.6987387202,No,NA,All (Excludes Pre-K),94.8,95.5,94.7,95.1,94.7,94.9
400048,41.874687,-87.686568,No,NA,All (Excludes Pre-K),94.7,94.9,95.3,96.3,96.2,96.2
400049,41.856859,-87.730348,No,NA,All (Excludes Pre-K),95.5,95.8,95.4,96.1,95.4,95.6
400050,41.8256990471,-87.6677607184,No,NA,All (Excludes Pre-K),96.9,96.8,96.7,96.5,95.6,95.3
400051,41.900190521,-87.6626277817,No,NA,All (Excludes Pre-K),95.4,95.3,94.6,94.5,94.2,94.1
400052,41.7640829933,-87.6019735726,No,NA,All (Excludes Pre-K),94.8,94.7,94.1,93.8,93.4,92.4
400053,41.8952547584,-87.6644822349,No,NA,All (Excludes Pre-K),95.4,94.8,95.2,94.2,93.1,93.2
400054,41.915214,-87.730127,No,NA,All (Excludes Pre-K),95.1,95.7,95.7,95.1,94.7,94.5
400055,41.892425,-87.660859,No,NA,All (Excludes Pre-K),94.3,94.3,94.2,94.2,93.2,93
400056,41.895362,-87.718047,No,NA,All (Excludes Pre-K),93.3,92.5,92.1,91.4,88.6,88.3
400057,41.8658167128,-87.6761476293,No,NA,All (Excludes Pre-K),95.7,94.9,95.6,94.9,94.2,92.7
400058,41.8585191308,-87.7079522423,No,NA,All (Excludes Pre-K),97.4,92.7,97,95.9,93.2,95.9
400059,41.8641432818,-87.7020776088,No,NA,All (Excludes Pre-K),93.7,90.9,91.1,91.6,90.1,92
400060,41.983371,-87.67116,No,NA,All (Excludes Pre-K),94.1,95.3,95.9,95.1,94.2,94.5
400061,41.7459346284,-87.652328137,No,NA,All (Excludes Pre-K),98.2,95,94.7,92.7,91.7,91.1
400062,41.7459346284,-87.652328137,No,NA,All (Excludes Pre-K),99,93.4,94.4,92.1,91.4,90.9
400064,41.8559760522,-87.628510989,No,NA,All (Excludes Pre-K),98.4,96.7,95.6,94.7,92.8,93.6
400066,41.8277834131,-87.6248244058,No,NA,All (Excludes Pre-K),97.7,93.4,92.8,92.3,89.5,90.3
400068,41.87276,-87.763337,No,NA,All (Excludes Pre-K),93.3,92.8,93.8,93.7,93.2,93
400069,41.89255,-87.707796,No,NA,All (Excludes Pre-K),94.9,94.7,95.4,97.2,98.2,97.7
400071,41.7753667505,-87.6640324796,No,NA,All (Excludes Pre-K),98,95.2,95.1,95.3,94.8,93.8
400075,41.827726,-87.608501,No,NA,All (Excludes Pre-K),95.4,95.1,94.8,96.3,96.7,96.4
400076,41.811182867,-87.5987862682,No,NA,All (Excludes Pre-K),96.8,96,95.9,96.6,95.4,96.2
400077,41.7781185054,-87.5980804453,No,NA,All (Excludes Pre-K),96.5,96.2,95.6,93.6,94,94.6
400078,41.813547,-87.608426,No,NA,All (Excludes Pre-K),94.4,94.5,95,94.3,95.4,96.3
400079,41.8078400696,-87.7303591387,No,NA,All (Excludes Pre-K),97.2,97.1,96.5,96.8,96.2,96
400080,41.8078400696,-87.7303591387,No,NA,All (Excludes Pre-K),97,96.6,96.7,96.8,96.1,96
400081,41.859504,-87.667949,No,NA,All (Excludes Pre-K),97.5,97.7,96.8,97,96.3,96
400082,41.9374757759,-87.6995936514,No,NA,All (Excludes Pre-K),97,96.9,96.6,96.6,96.6,96.1
400083,41.850035,-87.692551,No,NA,All (Excludes Pre-K),97.3,96.4,96.1,96,94.5,95.6
400084,41.7999296462,-87.6938983024,No,NA,All (Excludes Pre-K),97.3,97,96.5,96.9,96.8,96.8
400085,41.8078400696,-87.7303591387,No,NA,All (Excludes Pre-K),97.2,95,93.4,93.4,94.7,93.3
400086,41.7814978166,-87.6343566919,No,NA,All (Excludes Pre-K),94.3,94.1,94.4,92.1,91.4,90.2
400087,41.8445432742,-87.6187604879,No,NA,All (Excludes Pre-K),93.2,94.7,93.7,87,92.1,98.1
400089,41.8082813887,-87.6973933329,No,NA,All (Excludes Pre-K),96.8,96.8,97,96.4,96.1,96
400091,41.863301,-87.659095,No,NA,All (Excludes Pre-K),86.1,88.3,87.9,88.4,87.5,90.3
400092,41.653663,-87.605039,No,NA,All (Excludes Pre-K),92.9,92.3,92.9,92.2,92.3,92.6
400094,41.7448481839,-87.5502589916,No,NA,All (Excludes Pre-K),89.1,89.1,90.1,91,90.3,92.6
400096,41.907797,-87.664072,No,NA,All (Excludes Pre-K),96.1,96.2,96.4,96.2,95.5,96.2
400097,41.8787813727,-87.6781944858,No,NA,All (Excludes Pre-K),93.2,93.4,93.1,94.2,93.4,93.4
400098,41.8820856512,-87.6277411123,No,NA,All (Excludes Pre-K),96.9,96.7,96.3,96.9,95.5,95
400101,41.822856316,-87.693994895,No,NA,All (Excludes Pre-K),97.4,96.8,97.2,97.5,96.7,96.8
400102,41.8625125845,-87.6601057199,No,NA,All (Excludes Pre-K),91.5,92,95.8,91.9,93.9,91.9
400104,41.8459653309,-87.6855472198,No,NA,All (Excludes Pre-K),87.8,92.7,91,89.7,89.6,87.8
400106,41.778369,-87.635117,No,NA,All (Excludes Pre-K),91.5,93,92,90.6,87.5,86.2
400107,41.7333296562,-87.544441817,No,NA,All (Excludes Pre-K),93.6,95,95.9,95.9,96.1,95.6
400111,41.7430943325,-87.6657204357,No,NA,All (Excludes Pre-K),96.5,95.2,94.8,95.5,96.3,95.5
400112,41.801042,-87.708797,No,NA,All (Excludes Pre-K),97.7,97.3,97,97,96.5,95.8
400113,41.9077967959,-87.6455614997,No,NA,All (Excludes Pre-K),95,95.1,94.1,92.5,81.9,84.8
400114,41.9003161974,-87.6898950625,No,NA,All (Excludes Pre-K),96.5,97.1,97.5,97.7,97.7,97.1
400115,41.7709914514,-87.6931119777,No,NA,All (Excludes Pre-K),96.2,96.7,96.4,96.6,95.9,96.2
400116,41.7673901132,-87.6676390084,No,NA,All (Excludes Pre-K),91.4,93.3,94.3,95,94.6,94.5
400117,41.7344416233,-87.6509867278,No,NA,All (Excludes Pre-K),92.1,91.4,92,91.4,90.1,91
400118,41.8693119931,-87.7105633261,No,NA,All (Excludes Pre-K),91.3,90.6,91.3,90.5,88.5,86.4
400119,41.8817327589,-87.7337783826,No,NA,All (Excludes Pre-K),87.3,85.6,87.6,86.4,88.9,86.3
400120,41.9179516798,-87.787830438,No,NA,All (Excludes Pre-K),97.2,97,96.5,96.1,96,95.9
400121,42.0164758821,-87.684405682,No,NA,All (Excludes Pre-K),96.7,96.5,96,96,96,95.5
400123,41.880447,-87.742539,No,NA,All (Excludes Pre-K),72.7,74.8,70.5,70.4,55.1,59.9
400124,41.841331,-87.625331,No,NA,All (Excludes Pre-K),74.1,74.4,75.5,70.8,61.9,59.6
400125,41.93791667,-87.7270766433,No,NA,All (Excludes Pre-K),76.5,74.2,66.4,58.4,59.4,55.6
400126,41.901572,-87.70686,No,NA,All (Excludes Pre-K),77.1,77.1,53.9,61.1,62.3,60
400127,41.8949489515,-87.7602207289,No,NA,All (Excludes Pre-K),74.6,75.2,75.7,77.5,70.4,69.4
400128,41.864943,-87.723662,No,NA,All (Excludes Pre-K),81.4,73.7,61.4,59.6,59.4,53.7
400129,41.773962,-87.61574,No,NA,All (Excludes Pre-K),78.9,68.7,73.1,59.4,49.6,58.9
400130,41.751377,-87.641731,No,NA,All (Excludes Pre-K),64.6,68.5,63.6,62,60.9,62.5
400131,41.9028496977,-87.6960060227,No,NA,All (Excludes Pre-K),79.1,82.7,79.3,72,69.2,67.4
400133,41.8118176351,-87.6319908756,No,NA,All (Excludes Pre-K),74.7,83.2,72.2,62.4,47.3,48.8
400134,41.8572078568,-87.6448879755,No,NA,All (Excludes Pre-K),86.6,88.3,84.1,83.6,83,84
400135,41.8546639314,-87.6954667067,No,NA,All (Excludes Pre-K),79.7,78,73.3,67.7,58.5,63
400136,41.712922,-87.592333,No,NA,All (Excludes Pre-K),83.6,86,72.4,80.4,69.3,71.3
400137,41.8096680575,-87.599339394,No,NA,All (Excludes Pre-K),77.7,69,81.3,65.9,76.4,80.3
400139,41.7462865703,-87.5784916699,No,NA,All (Excludes Pre-K),80.2,87.8,64.7,74.2,74,83.8
400141,41.9652948171,-87.6592392894,No,NA,All (Excludes Pre-K),81.4,80.1,76.2,70.4,71.1,71.9
400143,41.890803,-87.702053,No,NA,All (Excludes Pre-K),84.6,82.9,71.3,69.4,65.2,59.8
400144,41.90224,-87.74881,No,NA,All (Excludes Pre-K),76.2,76.2,77.8,73,65.9,68.1
400145,41.8320716351,-87.6267447823,No,NA,All (Excludes Pre-K),69.4,68.8,64.7,62.5,59.9,61.7
400146,41.891816,-87.746614,No,NA,All (Excludes Pre-K),95.6,94.9,94.7,94,95,96.3
400147,41.691953,-87.654248,No,NA,All (Excludes Pre-K),65.4,78.1,63.9,82.5,74.8,82.9
400150,41.7301309334,-87.6070165368,No,NA,All (Excludes Pre-K),78.4,73.6,79.6,77.8,59.7,69.3
609678,41.8730659236,-87.6276753229,No,NA,All (Excludes Pre-K),93.4,93.9,93.8,93.2,92.3,93
609679,41.920059,-87.761048,No,NA,All (Excludes Pre-K),88.8,88,88.3,88.8,88.6,89.2
609680,41.9015461528,-87.6344637265,No,NA,All (Excludes Pre-K),92.2,93.9,92.9,92.9,92.7,93.1
609691,41.9116462561,-87.7352368523,No,NA,All (Excludes Pre-K),88.1,88.6,87.9,89.3,88.5,88.2
609693,41.889977,-87.707332,No,NA,All (Excludes Pre-K),92.4,92.7,91.8,92.6,91.9,92
609694,41.7914364693,-87.7244699624,No,NA,All (Excludes Pre-K),88.4,88.4,90.2,90.6,92.4,92.1
609695,41.975067,-87.679484,No,NA,All (Excludes Pre-K),88.5,90.1,90.5,91.8,91.3,91.4
609708,41.939796136,-87.7542032882,No,NA,All (Excludes Pre-K),85.2,87,88.4,88.9,85,86.5
609718,41.789961,-87.78084,No,NA,All (Excludes Pre-K),87.1,88.3,88.7,89.9,87.9,89.1
609719,41.9547635347,-87.6689894456,No,NA,All (Excludes Pre-K),88.3,91.3,89.7,88.6,89.4,88.3
609720,41.9466445746,-87.6910126273,No,NA,All (Excludes Pre-K),94.4,93.6,94.2,94.1,94.4,93.6
609724,41.987567237,-87.7025193438,No,NA,All (Excludes Pre-K),87.5,89.6,90.8,89.7,90.3,88
609728,41.9648004456,-87.7148181422,No,NA,All (Excludes Pre-K),85.7,83.7,86.9,85.3,86.9,88.8
609729,41.9463432311,-87.7356352653,No,NA,All (Excludes Pre-K),82,85,86.4,85.2,82.3,85.3
609730,41.989028539,-87.6671361897,No,NA,All (Excludes Pre-K),91,91.7,92.2,90.4,88.2,90.4
609732,41.935633588,-87.783515233,No,NA,All (Excludes Pre-K),87,88,88.3,85.9,86.6,86.7
609733,42.0026869262,-87.6692289258,No,NA,All (Excludes Pre-K),80.2,85.1,89.3,86.9,86.5,84.1
609734,41.9829335474,-87.7915467726,No,NA,All (Excludes Pre-K),90.5,89.6,91,91,89.3,90.1
609737,41.973184448,-87.7134230173,No,NA,All (Excludes Pre-K),92,92.4,93.2,93.3,92.8,93.3
609738,41.9182675644,-87.6460460884,No,NA,All (Excludes Pre-K),87.3,87.8,90.1,90.5,90.2,90.8
609739,41.6881369364,-87.5375703003,No,NA,All (Excludes Pre-K),85.2,86.4,86.7,87,87.9,89.2
609741,41.780526,-87.718014,No,NA,All (Excludes Pre-K),91,91.6,91.9,91.6,89.8,90.1
609745,41.759852,-87.675947,No,NA,All (Excludes Pre-K),89,89.4,89.7,90.9,90.2,90.3
609748,41.842533,-87.695261,No,NA,All (Excludes Pre-K),95.9,93.8,86.8,92.2,96.9,70.1
609749,41.9813147789,-87.7087445726,No,NA,All (Excludes Pre-K),94.9,93,94.4,93.5,93.8,94.1
609750,41.8643649239,-87.6687589322,No,NA,All (Excludes Pre-K),49.1,60.1,61.2,63.4,53.2,61.2
609751,41.8136749838,-87.6039105378,No,NA,All (Excludes Pre-K),89,91.8,92.8,92.8,91.3,89.8
609753,41.6912207422,-87.7177696726,No,NA,All (Excludes Pre-K),93,93.8,93.6,93.3,93.8,94.2
609755,41.8786020833,-87.6642700572,No,NA,All (Excludes Pre-K),93.7,95.1,94.4,95,94.7,95.5
609756,41.80306,-87.722042,No,NA,All (Excludes Pre-K),87.9,89.8,87.7,88.1,87.9,88.3
609760,41.6562899518,-87.5906203849,No,NA,All (Excludes Pre-K),92.2,94.1,94.2,94.1,92.9,91.8
609764,41.8526666,-87.6637324461,No,NA,All (Excludes Pre-K),89.2,90.2,89.4,89.7,86,85.4
609766,41.9603631731,-87.7646999302,No,NA,All (Excludes Pre-K),85.9,87.6,88.9,87.7,86.1,87
609772,41.6987387999,-87.5329760418,No,NA,All (Excludes Pre-K),95.2,95.5,95.6,95.9,95.2,95.2
609773,41.9341255571,-87.6562654054,No,NA,All (Excludes Pre-K),94.7,95.7,95.2,95.5,94.8,95.3
609774,41.9298498527,-87.6464131369,No,NA,All (Excludes Pre-K),95.6,95.7,95.5,95.6,95,95.7
609777,41.8338264797,-87.6506520971,No,NA,All (Excludes Pre-K),92.6,94.4,94.4,95.3,94.6,95.4
609779,42.0101225916,-87.6844396323,No,NA,All (Excludes Pre-K),95.2,95.4,95.2,96,95.7,96
609782,41.945062,-87.681041,No,NA,All (Excludes Pre-K),94.8,95.6,95.2,95.4,95.6,95.8
609783,41.867832,-87.680418,No,NA,All (Excludes Pre-K),93.3,90.1,97.9,98,97.5,97.3
609786,41.7482465103,-87.5916904502,No,NA,All (Excludes Pre-K),89.9,92,92.5,95.4,95.1,95
609788,41.705131,-87.658074,No,NA,All (Excludes Pre-K),95,95.6,95.4,95.5,95.5,95.7
609789,41.9325105835,-87.7393883513,No,NA,All (Excludes Pre-K),95.2,95.7,94.8,95.2,94.9,94.4
609792,41.9582198394,-87.7021509622,No,NA,All (Excludes Pre-K),94.6,95.9,95.9,96.1,95.6,96.2
609794,41.9711409287,-87.7097007454,No,NA,All (Excludes Pre-K),96.3,96.2,95.7,96,96.1,96.6
609795,41.8678117615,-87.7704542243,No,NA,All (Excludes Pre-K),95.3,95.5,95.8,95.8,95.7,96.4
609796,41.9723932569,-87.7576018013,No,NA,All (Excludes Pre-K),94.8,94.9,95.2,95.4,95,95
609797,41.885321,-87.705855,No,NA,All (Excludes Pre-K),93.5,96.3,96.7,95.7,94.8,95
609798,41.958938,-87.73402,No,NA,All (Excludes Pre-K),94.5,95.2,94.5,94.9,94.8,95
609799,41.949529799,-87.6860182445,No,NA,All (Excludes Pre-K),95.5,95.4,95.2,95.9,95.5,95.4
609800,41.7104344977,-87.6174270739,No,NA,All (Excludes Pre-K),92.2,93.4,93.7,95.2,95.8,95.8
609803,41.9507530831,-87.6649670804,No,NA,All (Excludes Pre-K),95.8,96.1,96.1,96.1,96.1,96.2
609804,42.0034116077,-87.697462822,No,NA,All (Excludes Pre-K),95.1,95.2,95.2,95.3,95.8,96
609807,41.7534297568,-87.7087305665,No,NA,All (Excludes Pre-K),94.1,94.5,94.5,94.5,93.6,94.3
609809,41.9309654091,-87.6963309362,No,NA,All (Excludes Pre-K),95.5,95.2,95.3,95.4,94.7,95
609810,41.949114,-87.798669,No,NA,All (Excludes Pre-K),95.1,95.1,94.9,95.4,95.1,95.2
609811,41.699726,-87.562084,No,NA,All (Excludes Pre-K),91,92.2,92.8,95,95.5,95
609812,41.8829967847,-87.6706823911,No,NA,All (Excludes Pre-K),92.1,92.8,92.7,94.4,93.3,94
609813,41.7716197534,-87.6217826166,No,NA,All (Excludes Pre-K),94.2,95.1,94.1,95.2,95.2,95
609815,41.760847,-87.576075,No,NA,All (Excludes Pre-K),92.9,94,93.9,94.5,93.4,94.3
609817,41.975754,-87.696556,No,NA,All (Excludes Pre-K),94.8,95.4,95.1,95.5,96,96.3
609818,41.917597481,-87.7827363017,No,NA,All (Excludes Pre-K),93.9,93.9,95.2,96.2,96,95.9
609820,41.9379100361,-87.669852523,No,NA,All (Excludes Pre-K),95.8,96.4,96.3,96.4,96.1,96.6
609826,41.8454498794,-87.7149270141,No,NA,All (Excludes Pre-K),95.7,95.3,95.2,94.6,94.5,94.9
609827,41.7284532016,-87.6074346419,No,NA,All (Excludes Pre-K),93.8,95.8,95.8,96,95.7,96.1
609828,41.9123579081,-87.6686606038,No,NA,All (Excludes Pre-K),95.9,96.3,96.1,96.4,96.5,96
609829,41.8288679073,-87.6924566292,No,NA,All (Excludes Pre-K),94.5,95.7,95.7,95.7,95.4,95.9
609830,41.8976625721,-87.7656056579,No,NA,All (Excludes Pre-K),91.5,92.8,93.8,94.3,93.4,94.1
609832,41.7950303819,-87.7915811453,No,NA,All (Excludes Pre-K),94.4,94.8,94.7,95.3,94.2,93.9
609833,41.739226,-87.580729,No,NA,All (Excludes Pre-K),90.7,94,94,94.7,93.2,95.3
609834,41.843698,-87.717319,No,NA,All (Excludes Pre-K),95.8,96.2,95.4,95.9,95.2,95.7
609835,41.903792,-87.717927,No,NA,All (Excludes Pre-K),94.1,94.9,94.5,95.1,94.7,95.1
609836,41.948007,-87.829296,No,NA,All (Excludes Pre-K),95.3,95.7,95.1,95.5,95.2,95.3
609837,41.7833408827,-87.5907952822,No,NA,All (Excludes Pre-K),94.5,95,94.7,95.4,94.7,95.2
609839,41.7425166266,-87.6960120751,No,NA,All (Excludes Pre-K),95.5,95.3,95.1,95.1,95,95.3
609842,41.793272,-87.6878,No,NA,All (Excludes Pre-K),96.9,97,96.7,96.5,96.2,96.4
609844,41.7898279053,-87.6224527519,No,NA,All (Excludes Pre-K),88.3,93.4,94.2,96.5,96.5,97.1
609845,41.653702,-87.599516,No,NA,All (Excludes Pre-K),90.5,91.3,93.4,94,91.2,91.2
609849,41.687347,-87.703215,No,NA,All (Excludes Pre-K),94.2,94.3,93.4,94,93.1,94.3
609850,41.9527820754,-87.6509792479,No,NA,All (Excludes Pre-K),95.6,96,95.5,96,95.6,95.5
609851,41.866435,-87.695259,No,NA,All (Excludes Pre-K),95.4,90.9,95.3,96,96.2,96.2
609853,41.9179714045,-87.6945855007,No,NA,All (Excludes Pre-K),94.8,95.6,95.6,95.8,95.6,96.1
609855,41.8016586247,-87.6856070028,No,NA,All (Excludes Pre-K),82.6,84.3,86.3,86.4,84.7,87.7
609856,41.654558,-87.544614,No,NA,All (Excludes Pre-K),95,95.2,94.4,94.5,93.1,93.7
609857,41.952042,-87.706443,No,NA,All (Excludes Pre-K),94.6,95.2,94.9,95.6,95.1,95.4
609859,41.992541,-87.69836,No,NA,All (Excludes Pre-K),95.5,95.7,95.3,95.6,95,95.5
609861,41.6929985713,-87.680895958,No,NA,All (Excludes Pre-K),95,95.3,95.2,95.4,94.5,94.4
609862,41.7414125297,-87.5660064096,No,NA,All (Excludes Pre-K),93,93.8,93.5,95.1,95.4,95.4
609863,41.8995652981,-87.6819747753,No,NA,All (Excludes Pre-K),94.6,95.2,95.6,95.6,95.4,96.3
609864,41.745237,-87.659775,No,NA,All (Excludes Pre-K),92.7,92.5,93,93.5,92.4,94.1
609865,42.0170874952,-87.677725718,No,NA,All (Excludes Pre-K),94.7,95.4,95.3,95.6,95.4,95.3
609866,41.955553,-87.683765,No,NA,All (Excludes Pre-K),95.6,95.6,95.7,95.4,95.3,95.6
609867,41.8560037541,-87.6672264762,No,NA,All (Excludes Pre-K),95.5,96.5,96.3,95.9,95.7,96
609870,41.845602,-87.731193,No,NA,All (Excludes Pre-K),94.4,94.4,94.4,95,94,95
609872,41.8560287232,-87.6579801282,No,NA,All (Excludes Pre-K),95.7,96.1,96,96.3,95.5,96
609874,41.9737147776,-87.8410414426,No,NA,All (Excludes Pre-K),95.4,95.9,95.9,95.8,95.4,95.5
609875,41.9232952788,-87.7054124005,No,NA,All (Excludes Pre-K),94.4,95.3,95.5,96.1,96.2,96.4
609876,41.8218241808,-87.7002013058,No,NA,All (Excludes Pre-K),94.7,95.1,94.2,95.1,94.3,94.3
609879,41.7450503159,-87.7173526315,No,NA,All (Excludes Pre-K),95.7,95.7,95.3,95.9,95.4,95.8
609880,42.0092881523,-87.7045818032,No,NA,All (Excludes Pre-K),95.7,95.7,95.8,96.4,95.9,96
609883,41.76249,-87.623345,No,NA,All (Excludes Pre-K),95.4,95.3,96.1,95,93.5,96
609884,41.9425516699,-87.8131315249,No,NA,All (Excludes Pre-K),95,94.7,94.8,94.8,94.3,95.1
609885,41.795645104,-87.6426882415,No,NA,All (Excludes Pre-K),90,94.2,96.4,96.2,95.9,96.3
609887,41.743669,-87.609979,No,NA,All (Excludes Pre-K),94.6,94.8,95.1,96,95.7,95.9
609891,41.8311206291,-87.612274543,No,NA,All (Excludes Pre-K),89.2,93,92.1,92.8,92.1,93.2
609893,41.780954,-87.787604,No,NA,All (Excludes Pre-K),95.4,95.7,95.1,95.4,94.3,95.2
609895,41.725598329,-87.6301308542,No,NA,All (Excludes Pre-K),95.7,96.4,96.3,96.6,96.5,96.3
609896,41.9159138019,-87.6744945989,No,NA,All (Excludes Pre-K),94.6,95.2,95.2,95,95,95.2
609898,41.7743930171,-87.7079518382,No,NA,All (Excludes Pre-K),94.8,94.8,95.3,95.5,95,95.3
609899,42.004380508,-87.8111681485,No,NA,All (Excludes Pre-K),94.8,95.4,94.7,95.5,95.4,95
609901,41.9994135062,-87.7618598502,No,NA,All (Excludes Pre-K),96.2,96.7,96.5,96.3,95.9,96.2
609903,41.8055409108,-87.7258928453,No,NA,All (Excludes Pre-K),95.5,95.4,95.4,95.4,95.1,95.4
609907,41.8757184103,-87.7157916032,No,NA,All (Excludes Pre-K),94.7,95.3,95.2,96.1,94.6,95.2
609908,41.6894196063,-87.66915867,No,NA,All (Excludes Pre-K),91.7,92.6,92.5,93.5,93.6,94.2
609909,41.8315545763,-87.6813469883,No,NA,All (Excludes Pre-K),94,95.4,95.2,95.3,96,96.1
609910,41.9357845738,-87.7493306251,No,NA,All (Excludes Pre-K),95.9,96.1,95.6,95.6,95.2,95
609912,41.9797896799,-87.7660348844,No,NA,All (Excludes Pre-K),92.9,93.1,93.6,94,93.8,94
609917,41.7111830723,-87.6404502626,No,NA,All (Excludes Pre-K),94.1,95.5,96.3,95.8,95.3,95.3
609918,42.009663088800004,-87.6700221809,No,NA,All (Excludes Pre-K),94.9,94.8,95.5,95.8,95.1,96.1
609920,41.8507709757,-87.705148774,No,NA,All (Excludes Pre-K),95.1,95.2,95.5,95.3,94.2,95
609921,41.8479234631,-87.6966300866,No,NA,All (Excludes Pre-K),95.3,95.1,94.6,94,93.1,93.7
609922,41.92015,-87.756843,No,NA,All (Excludes Pre-K),95,95.1,95.5,95.5,95.4,95.1
609924,41.7296720886,-87.6555177862,No,NA,All (Excludes Pre-K),91.2,93.1,94.2,95.3,94.2,96.1
609925,41.8701677176,-87.7021629045,No,NA,All (Excludes Pre-K),95.3,95.1,94.6,95.3,94.6,95.7
609926,41.9065999903,-87.6355128103,No,NA,All (Excludes Pre-K),95.5,96.2,94.9,95.4,95.5,96
609927,41.738425,-87.668099,No,NA,All (Excludes Pre-K),92.1,94.2,95.2,95.5,94.6,95.9
609928,41.818003,-87.611784,No,NA,All (Excludes Pre-K),91.6,92.2,93.2,95.1,94.7,95.5
609929,41.79758,-87.668436,No,NA,All (Excludes Pre-K),94.7,94.8,94.7,95,94.7,95.1
609930,41.9176165144,-87.7168916649,No,NA,All (Excludes Pre-K),94,94.9,95.2,95.9,95,94.5
609933,42.021090558,-87.6719389762,No,NA,All (Excludes Pre-K),91.2,91.1,91.6,91.7,91.9,93.3
609935,41.7068009996,-87.5351753058,No,NA,All (Excludes Pre-K),94.3,95.1,94.8,95.1,95,95.9
609937,41.9763516641,-87.7962351141,No,NA,All (Excludes Pre-K),95.4,95.7,95.2,95.5,95.3,95.2
609938,41.8370377183,-87.7186957205,No,NA,All (Excludes Pre-K),95.8,96.2,95.7,95.6,95.2,95
609939,41.7253316279,-87.6237560587,No,NA,All (Excludes Pre-K),93.1,93.8,93.6,93.3,92.9,92.6
609942,41.922831,-87.6929,No,NA,All (Excludes Pre-K),94.6,95.5,95.6,96.1,95.7,95.7
609944,41.6624809625,-87.5532701146,No,NA,All (Excludes Pre-K),95.4,95.1,95.6,96,95.6,95.4
609945,41.9758165304,-87.6579124924,No,NA,All (Excludes Pre-K),96.3,95.9,96,96,95.4,95.7
609947,41.8133037295,-87.6433442353,No,NA,All (Excludes Pre-K),92.3,93.7,93.6,94.2,92.7,93.3
609949,41.9487635796,-87.7571155986,No,NA,All (Excludes Pre-K),95.3,95.7,95.4,95.3,95,95.4
609950,41.8387905201,-87.7171903202,No,NA,All (Excludes Pre-K),94.7,95.3,95.4,95.7,95.3,95.3
609951,41.811173,-87.597503,No,NA,All (Excludes Pre-K),95,95.9,94.9,95.2,94.9,94.2
609952,41.8296687017,-87.671529053,No,NA,All (Excludes Pre-K),95,95.5,95.2,95.4,94.8,95.2
609956,41.7754368293,-87.7588023425,No,NA,All (Excludes Pre-K),94.8,95.1,95.6,96,95.8,95.9
609958,41.813007,-87.699364,No,NA,All (Excludes Pre-K),96.5,96.8,97.1,97.8,97.3,97.7
609959,41.849958,-87.633806,No,NA,All (Excludes Pre-K),98.5,98.1,98.1,98,98.2,98.3
609960,41.7801917321,-87.7765787091,No,NA,All (Excludes Pre-K),94.3,94.9,94.6,95.4,94.9,95.2
609961,41.743753,-87.551862,No,NA,All (Excludes Pre-K),93.2,92.5,92.8,92.8,90.7,93.4
609963,41.9451922206,-87.6708645151,No,NA,All (Excludes Pre-K),94.7,95.6,95.7,95.8,95.7,95.7
609966,41.852719,-87.696243,No,NA,All (Excludes Pre-K),92.6,93.3,94.3,95,94.9,94.7
609967,41.8492149059,-87.6856678431,No,NA,All (Excludes Pre-K),94.5,94.6,93.9,94.1,93.3,94
609972,41.9640287092,-87.723128035,No,NA,All (Excludes Pre-K),95.1,95.5,95,95.7,94.9,95.6
609973,41.8413938042,-87.7343133238,No,NA,All (Excludes Pre-K),95.7,96,95.7,96.1,95.9,95.3
609974,41.942274894,-87.6577456243,No,NA,All (Excludes Pre-K),96.1,96.8,95.7,96,96,96.4
609975,41.899171,-87.755813,No,NA,All (Excludes Pre-K),91.8,93,93.8,94.7,93.9,94.1
609976,41.9945134479,-87.6685032706,No,NA,All (Excludes Pre-K),95.1,95.6,95.4,95.1,94.7,95.1
609977,41.7733652283,-87.5944286527,No,NA,All (Excludes Pre-K),92.1,94.2,94,95.2,94.8,95.1
609978,41.7075301821,-87.6046595946,No,NA,All (Excludes Pre-K),91.6,93.1,95,96,96,96.2
609979,41.8395948563,-87.6403407501,No,NA,All (Excludes Pre-K),96.1,95.9,96.3,96.9,96.6,97.1
609981,41.808175,-87.7457260569,No,NA,All (Excludes Pre-K),91.2,93.2,95.2,95.7,95.4,94.7
609983,41.8071115392,-87.6733639294,No,NA,All (Excludes Pre-K),94.8,95,94.2,95.1,95.8,94.1
609988,41.9589887977,-87.7156323718,No,NA,All (Excludes Pre-K),95.1,94.9,95.1,95.5,95.1,94.4
609990,41.8668745062,-87.6286150038,No,NA,All (Excludes Pre-K),95.4,95.8,96.2,95.9,96.1,96.7
609993,41.8097698312,-87.6722182677,No,NA,All (Excludes Pre-K),94.4,95.7,95.4,96.3,95.4,96.1
609994,41.9703077971,-87.7103610874,No,NA,All (Excludes Pre-K),96.2,96.6,96.3,96.5,96,96.3
609995,41.983671696,-87.7791230521,No,NA,All (Excludes Pre-K),95.4,95.7,95.4,95.8,95.4,95.5
609996,41.8379999509,-87.6537910563,No,NA,All (Excludes Pre-K),92.8,94.5,94.8,96.2,95.4,95.4
609997,41.7937876494,-87.6497953555,No,NA,All (Excludes Pre-K),86.3,92.6,93.7,93.1,93.2,95
610000,41.893612,-87.759398,No,NA,All (Excludes Pre-K),95.3,95.6,96.3,96.4,95.7,96
610002,41.7333371195,-87.5682647267,No,NA,All (Excludes Pre-K),94.7,95.4,96.6,97.1,95,94
610003,41.7424516273,-87.6536334471,No,NA,All (Excludes Pre-K),93.3,93.3,94.4,94.7,94.5,94.5
610006,41.766785,-87.719541,No,NA,All (Excludes Pre-K),96.2,96,95.3,95.6,95.6,96.2
610009,41.8712548243,-87.6533655527,No,NA,All (Excludes Pre-K),95.2,95.8,94.9,96.3,95.7,96
610010,41.9392467535,-87.6758464593,No,NA,All (Excludes Pre-K),93.9,94.4,94.4,94.7,94.2,94.6
610011,41.9846407763,-87.7005294202,No,NA,All (Excludes Pre-K),95.3,95.7,95.7,95.9,95.5,95.6
610013,41.858821441,-87.6622086131,No,NA,All (Excludes Pre-K),94.6,95.3,94.8,94.8,94.8,96.2
610015,41.8580647771,-87.6523015944,No,NA,All (Excludes Pre-K),95.2,95.7,94.5,94.9,95,94
610016,41.7252628211,-87.6772691287,No,NA,All (Excludes Pre-K),95.8,96.3,96.5,96.3,96.2,96.8
610017,41.8479132803,-87.6973148122,No,NA,All (Excludes Pre-K),96.2,96.3,96,96.4,95.3,95.1
610019,41.7764528106,-87.6408920253,No,NA,All (Excludes Pre-K),94.7,96.5,96.4,96.8,96,96.6
610021,41.9045027645,-87.7142336467,No,NA,All (Excludes Pre-K),92.9,95.1,95,96,95.6,95.7
610022,42.00364,-87.668222,No,NA,All (Excludes Pre-K),93.6,94.3,94.8,94.2,94.6,95.2
610026,41.7897225968,-87.7791785897,No,NA,All (Excludes Pre-K),95,95.4,95.5,95.9,95.4,95.5
610027,41.7236263955,-87.6395573445,No,NA,All (Excludes Pre-K),94.5,95.2,95.8,96.3,95.8,95
610029,41.9088853384,-87.665129993,No,NA,All (Excludes Pre-K),94,94,95.3,95.7,94.8,94.5
610030,41.7979744383,-87.602480982,No,NA,All (Excludes Pre-K),92.3,93.6,95.1,94.5,94,93.9
610032,41.719264508,-87.6524996522,No,NA,All (Excludes Pre-K),93.7,95.5,95.6,96.1,96,96.1
610033,41.913899533,-87.6375648638,No,NA,All (Excludes Pre-K),95.9,96.9,96.2,95.8,95.7,94.9
610038,41.9245248164,-87.6444973039,No,NA,All (Excludes Pre-K),95.2,95.5,95.5,96.3,95.8,96
610039,41.9400085352,-87.7026714149,No,NA,All (Excludes Pre-K),95.8,96,95.9,96.4,96.1,96.2
610040,41.918813664300004,-87.748551751,No,NA,All (Excludes Pre-K),95.6,95.7,95.2,95.1,94.7,94.6
610041,41.931762,-87.795604,No,NA,All (Excludes Pre-K),95.4,95.6,95.5,95.5,94.9,95
610043,41.912718,-87.783919,No,NA,All (Excludes Pre-K),95.7,96.3,96,96.1,96,96
610044,41.9064921541,-87.7102163813,No,NA,All (Excludes Pre-K),94.3,95,94.7,94.3,94,95
610046,41.9341914722,-87.7772109391,No,NA,All (Excludes Pre-K),95.1,95.6,95.5,95.6,95.1,96
610047,41.7595476525,-87.5907490426,No,NA,All (Excludes Pre-K),94.9,95.1,95.1,95.2,94.5,92.8
610048,41.9082468824,-87.6398265135,No,NA,All (Excludes Pre-K),90.1,94.2,94.1,94.9,94.3,93.5
610052,41.748274,-87.574816,No,NA,All (Excludes Pre-K),93,94.1,96.3,95.6,95.4,95.2
610053,41.773881,-87.69703,No,NA,All (Excludes Pre-K),93.5,94.4,94.6,95.5,95.7,96.4
610054,41.716588,-87.552483,No,NA,All (Excludes Pre-K),95.4,96.3,95.1,95.9,95.2,95.1
610057,41.7809034369,-87.6921517227,No,NA,All (Excludes Pre-K),93.8,94.2,93.5,94.1,93.9,95.2
610059,41.9232035224,-87.6572874391,No,NA,All (Excludes Pre-K),94.6,95.9,95.2,94.5,95,95
610060,41.8742722041,-87.6609838426,No,NA,All (Excludes Pre-K),97.2,97.9,96.7,97.9,97.7,97.3
610062,41.8299923303,-87.6411392583,No,NA,All (Excludes Pre-K),93.3,93.3,93.9,95,94.9,94.9
610063,41.842267,-87.7063,No,NA,All (Excludes Pre-K),95.8,95.9,96,96.3,94.9,95.4
610066,41.7345493266,-87.6192510722,No,NA,All (Excludes Pre-K),96.7,96.9,96.2,96.8,96.7,96.3
610068,41.923955,-87.761515,No,NA,All (Excludes Pre-K),94.1,95.6,95.8,95.8,95.6,95.8
610073,41.892082,-87.683185,No,NA,All (Excludes Pre-K),95.9,95.9,96.2,96.4,95.7,96.1
610074,41.9299886036,-87.7192237512,No,NA,All (Excludes Pre-K),94.8,94.9,95.3,95.9,96,96
610076,41.9125048321,-87.6969781149,No,NA,All (Excludes Pre-K),93.4,94.7,94.3,95,94.4,96
610078,41.949003,-87.651573,No,NA,All (Excludes Pre-K),95.4,96.5,96.1,96.4,95.7,95.9
610081,41.8444,-87.64134,No,NA,All (Excludes Pre-K),95.9,96.8,96.3,97.1,96.7,96.6
610082,41.6957331315,-87.705846547,No,NA,All (Excludes Pre-K),95.2,96,95.8,96.3,95.9,96.1
610083,41.9701248828,-87.7896303313,No,NA,All (Excludes Pre-K),92.6,91.8,92.4,92,91.8,91.9
610084,41.6971428941,-87.6972778577,No,NA,All (Excludes Pre-K),97,97.4,97.1,97.2,97.3,97
610086,41.701952,-87.647652,No,NA,All (Excludes Pre-K),93.4,93.7,94.1,93.7,93,94.5
610087,41.776556,-87.790604,No,NA,All (Excludes Pre-K),84.4,82,77.3,77.3,80.5,84.1
610088,41.9209096496,-87.7218881442,No,NA,All (Excludes Pre-K),94.8,95.4,95.6,96.2,95.4,95.6
610089,41.9500777536,-87.7168318549,No,NA,All (Excludes Pre-K),95.5,95.6,95.8,95.7,95.3,95.4
610090,41.798535,-87.59334,No,NA,All (Excludes Pre-K),95.4,95.6,95.6,96.1,95.7,95.8
610091,41.6648727374,-87.6389943131,No,NA,All (Excludes Pre-K),95,95.7,95.4,95.2,95.4,95.5
610092,41.891809751,-87.7479358786,No,NA,All (Excludes Pre-K),95.9,95.7,95.6,95.7,95.2,94.9
610093,41.7384060373,-87.6209700855,No,NA,All (Excludes Pre-K),88.4,88.9,89.8,90.6,89.4,90
610094,41.9416365548,-87.6445612217,No,NA,All (Excludes Pre-K),95.1,95.4,95.1,95.3,95,94.9
610095,41.9139197803,-87.6459896196,No,NA,All (Excludes Pre-K),94.2,94.8,94.4,95.1,95,95.2
610096,41.797714,-87.689139,No,NA,All (Excludes Pre-K),95.3,95.3,95.2,95.9,95.3,95.6
610097,41.9195808829,-87.7314568264,No,NA,All (Excludes Pre-K),94.8,95.8,96,96.1,95.3,95.5
610098,41.906155,-87.729955,No,NA,All (Excludes Pre-K),94.3,95.4,95,95.6,94.3,94.7
610099,41.9881325587,-87.8029541807,No,NA,All (Excludes Pre-K),94.8,95.5,95.4,96.1,96.2,95.4
610100,41.906906498,-87.7324798201,No,NA,All (Excludes Pre-K),93.5,94.6,94.3,94.5,93.5,94
610101,41.899976,-87.629297,No,NA,All (Excludes Pre-K),94.7,95.3,95.2,95,94.8,95.3
610102,41.75467,-87.645469,No,NA,All (Excludes Pre-K),93.8,94.2,94.4,96.2,94,92.3
610103,41.768602,-87.572806,No,NA,All (Excludes Pre-K),89.8,92.8,94,94.9,93.9,95
610104,41.9937629089,-87.7931081147,No,NA,All (Excludes Pre-K),94.2,95.5,94.8,95.3,95,94.9
610105,41.9785009928,-87.8120172663,No,NA,All (Excludes Pre-K),95.6,95.3,95.1,95.8,95.5,95.4
610106,41.9001396559,-87.7312605958,No,NA,All (Excludes Pre-K),95,96.2,94,95.1,96,96.3
610109,41.7428493857,-87.705785722,No,NA,All (Excludes Pre-K),96.1,95.5,95.6,95.6,95.9,96.2
610111,41.973288838,-87.7392497117,No,NA,All (Excludes Pre-K),95,95.5,95.6,94.9,94.7,95.2
610112,41.7707797959,-87.6340858564,No,NA,All (Excludes Pre-K),90.4,95.6,93.3,94,93.9,94.6
610117,41.7868947931,-87.7327031135,No,NA,All (Excludes Pre-K),95.5,95.2,95.2,95.3,94.7,94.8
610120,41.7878715357,-87.7192154676,No,NA,All (Excludes Pre-K),96,95.8,95.7,96.3,95.5,95.7
610121,41.8715949314,-87.6836523579,No,NA,All (Excludes Pre-K),94.2,95.1,95.3,95.6,93.9,94.9
610122,41.9834557923,-87.665850037,No,NA,All (Excludes Pre-K),95.8,96.6,96.1,96.3,95.6,95.8
610127,41.981557,-87.712583,No,NA,All (Excludes Pre-K),94.9,95.3,95.2,95.5,95.3,95.7
610128,41.7066023113,-87.6476137784,No,NA,All (Excludes Pre-K),94,93,93.6,93.9,93.4,94.2
610129,41.8529,-87.683291,No,NA,All (Excludes Pre-K),94.9,96.1,96,96.3,96.3,97
610130,41.7403127995,-87.6078902624,No,NA,All (Excludes Pre-K),94.3,94.3,94.5,95,94.5,94.6
610131,41.860231464,-87.6925249792,No,NA,All (Excludes Pre-K),96.4,96.2,94.9,94.6,95.7,95.8
610132,41.70263,-87.606419,No,NA,All (Excludes Pre-K),97.5,98.1,97.3,97.7,97.5,97.9
610135,41.9569601994,-87.7610063875,No,NA,All (Excludes Pre-K),93.8,93.6,94.6,95,94.9,94.8
610136,41.9288136632,-87.6695269024,No,NA,All (Excludes Pre-K),94.7,95.4,95.5,96,95.6,95.7
610137,41.965619,-87.772414,No,NA,All (Excludes Pre-K),95,94.6,95.1,95.1,94.9,94.8
610138,41.9184588451,-87.6838005623,No,NA,All (Excludes Pre-K),95.5,96.1,95.9,96.1,95.9,95.7
610139,41.6888189011,-87.6094675717,No,NA,All (Excludes Pre-K),90.5,93.5,96.2,96,96.1,94.8
610141,41.9607456926,-87.6709224192,No,NA,All (Excludes Pre-K),95.7,96,95.6,96,95.9,95.7
610142,41.7923473454,-87.5947887344,No,NA,All (Excludes Pre-K),94.9,94.3,93,94.4,94.5,95.6
610143,41.8041463543,-87.6049248358,No,NA,All (Excludes Pre-K),92,92.6,94.3,93.8,94.4,94.7
610144,41.941066552,-87.7195400122,No,NA,All (Excludes Pre-K),96.4,96.6,96.5,96.4,95.8,95.6
610145,41.9430182808,-87.7690193654,No,NA,All (Excludes Pre-K),94.8,95.6,95.3,95,94.6,95
610147,42.015265,-87.697185,No,NA,All (Excludes Pre-K),95,95.6,95.2,95.5,95.1,95.4
610148,41.8071423339,-87.666073605,No,NA,All (Excludes Pre-K),95.4,96.2,96.5,96.6,96.5,96.6
610155,41.9911547553,-87.7459202071,No,NA,All (Excludes Pre-K),95.6,96.3,95.6,95.9,95.7,95.9
610158,41.9141506301,-87.7987207051,No,NA,All (Excludes Pre-K),95.7,95.5,94.6,94.7,94.2,94.3
610159,41.941677604,-87.7321787777,No,NA,All (Excludes Pre-K),95.2,95.1,95.7,94.1,94.4,95.5
610165,41.9304025462,-87.7612272035,No,NA,All (Excludes Pre-K),94.7,94.6,94.8,94.9,94.8,95.4
610167,41.810333,-87.668772,No,NA,All (Excludes Pre-K),95.8,96.1,96.1,96,95.6,95
610170,41.8110686097,-87.7041985906,No,NA,All (Excludes Pre-K),94.4,96,95.9,96.6,96.5,96.5
610171,41.7317169166,-87.5527879444,No,NA,All (Excludes Pre-K),91.8,92.7,93.7,93.9,93.2,93.2
610175,41.8042665798,-87.5939042774,No,NA,All (Excludes Pre-K),93.6,94.9,95.1,95.2,95.2,95.2
610176,41.6909188771,-87.658669052,No,NA,All (Excludes Pre-K),93.3,95.1,95.1,95.1,95,96.1
610177,41.8790751072,-87.6594182664,No,NA,All (Excludes Pre-K),96.5,96.8,96.8,97.7,97.6,97.9
610178,41.7169881777,-87.5969684966,No,NA,All (Excludes Pre-K),91.6,93.7,94.2,95.4,94.8,94.9
610179,41.958868,-87.781975,No,NA,All (Excludes Pre-K),94.8,94.5,94.4,95,93.7,95
610180,41.865351,-87.653445,No,NA,All (Excludes Pre-K),92.3,93.3,92.8,95,94.3,95
610182,41.993942,-87.724043,No,NA,All (Excludes Pre-K),95.1,95.9,94.9,95,94.9,94.9
610185,41.7471068794,-87.7316656849,No,NA,All (Excludes Pre-K),96,96.3,96.4,96.2,95.3,95.4
610188,41.6964954764,-87.640010208,No,NA,All (Excludes Pre-K),95.2,95.3,95.4,95.6,94.9,95.1
610191,41.9953581506,-87.6848295521,No,NA,All (Excludes Pre-K),96,96.5,95.9,96.1,95.7,95.8
610192,41.9119106401,-87.7133170224,No,NA,All (Excludes Pre-K),94.3,94.2,94.2,94.9,94.8,95.2
610193,41.7438281019,-87.5429642457,No,NA,All (Excludes Pre-K),90.3,91.4,91.4,92.7,91.8,94.2
610194,41.8708026873,-87.7335110495,No,NA,All (Excludes Pre-K),94.7,95,95.4,96,95.2,96.3
610195,41.7114444429,-87.6768577869,No,NA,All (Excludes Pre-K),95.1,96,95.4,95.4,95.9,96.5
610196,41.989139,-87.658296000000007,No,NA,All (Excludes Pre-K),95.7,96.3,95.5,96,95.6,96
610197,41.892377177,-87.6737219208,No,NA,All (Excludes Pre-K),95.4,96.3,96.3,96.2,95.2,95.4
610198,41.71547,-87.532971,No,NA,All (Excludes Pre-K),94.6,95.5,95.2,96.1,95,95
610199,41.677505,-87.658111,No,NA,All (Excludes Pre-K),95.5,95.5,95,95.8,95.6,96
610200,41.733324,-87.54428,No,NA,All (Excludes Pre-K),90.9,91.4,91.4,92.9,93.3,94.4
610201,41.9485438735,-87.7776307199,No,NA,All (Excludes Pre-K),95.7,96.4,95.7,96.5,96.2,96.5
610203,41.7875226654,-87.7082158444,No,NA,All (Excludes Pre-K),96.3,96.2,96.1,96.2,95.3,95.8
610206,41.799046,-87.758928,No,NA,All (Excludes Pre-K),95.7,95.8,95.7,96.1,95.7,95.7
610207,41.720817,-87.665559,No,NA,All (Excludes Pre-K),95.8,97,96.7,96.6,95.9,96.1
610209,41.971634,-87.724605,No,NA,All (Excludes Pre-K),96.2,96.3,95.5,96.3,95.9,95.9
610212,41.9711409287,-87.7097007454,No,NA,All (Excludes Pre-K),96.8,95.4,96.5,97,96.7,96.8
610215,41.8409294756,-87.705063499,No,NA,All (Excludes Pre-K),93.6,95.7,95.9,95.5,94,94.9
610216,41.8548351529,-87.6481228707,No,NA,All (Excludes Pre-K),94.1,95.3,95,94.6,94,94.1
610217,41.843979426,-87.635392477,No,NA,All (Excludes Pre-K),97.1,97.9,97.7,98.3,98.2,98.1
610219,41.688131,-87.536015,No,NA,All (Excludes Pre-K),95.6,96.2,96,96.2,95.3,95.4
610220,41.964365,-87.691333,No,NA,All (Excludes Pre-K),95.8,96.5,95.8,96,95,95.2
610221,41.8699158585,-87.7275243748,No,NA,All (Excludes Pre-K),93.9,94.6,95.5,95.4,94.2,95.5
610225,41.6839064133,-87.6554204209,No,NA,All (Excludes Pre-K),92.4,94,94.7,95.9,94.3,95.4
610227,41.8400798358,-87.7255823306,No,NA,All (Excludes Pre-K),95.3,95.2,95.1,95.6,94.9,94.1
610228,41.8504534515,-87.6733908646,No,NA,All (Excludes Pre-K),94.2,94.5,94.6,95.4,95.4,95
610229,41.907053,-87.677761,No,NA,All (Excludes Pre-K),94.2,94.4,95,95,94.8,95
610230,42.0074906702,-87.7783448617,No,NA,All (Excludes Pre-K),95.6,95.6,95.8,96.2,95.9,96.3
610231,41.8527997703,-87.6293083298,No,NA,All (Excludes Pre-K),94.4,95.7,95.9,96.1,95.9,96.4
610234,41.9150378919,-87.700317043,No,NA,All (Excludes Pre-K),94.2,94.7,95.2,95.8,94.3,94.5
610235,41.9067905746,-87.767142846,No,NA,All (Excludes Pre-K),93.5,93.6,93.6,94.3,93.7,95.8
610237,41.8091347577,-87.6271368054,No,NA,All (Excludes Pre-K),91.8,92.4,92.4,91.8,91.3,92.6
610246,41.7984644188,-87.6257282441,No,NA,All (Excludes Pre-K),94.4,95.4,94.8,95.1,96.1,95.5
610248,41.9421377375,-87.7764315436,No,NA,All (Excludes Pre-K),96.5,96.2,95.9,96.2,96,96.5
610249,41.794048,-87.690261,No,NA,All (Excludes Pre-K),95.4,95.7,96.6,96.9,96.1,96.6
610250,41.9013896989,-87.6337299209,No,NA,All (Excludes Pre-K),95.3,95.7,95.2,96.2,95,96
610254,41.858883,-87.715744,No,NA,All (Excludes Pre-K),92.8,94.2,93,95.5,95.2,95.8
610256,41.8173367294,-87.5990993607,No,NA,All (Excludes Pre-K),88.8,90.4,89.2,90,93.6,95
610279,41.7606726356,-87.6067910349,No,NA,All (Excludes Pre-K),91.7,92.6,92.7,92.8,92.7,92.7
610281,41.7603154706,-87.5568187037,No,NA,All (Excludes Pre-K),95.5,96,95.1,94.8,94.5,94.6
610282,41.8977916292,-87.7467304019,No,NA,All (Excludes Pre-K),90.3,91.2,94.8,96.2,96,96.5
610284,42.0077025709,-87.6731683286,No,NA,All (Excludes Pre-K),96.2,96,95.9,96.1,95.5,96.1
610287,41.7423505671,-87.709609682,No,NA,All (Excludes Pre-K),94.2,93.4,94.1,95.1,94.5,95.2
610291,41.775305,-87.728884,No,NA,All (Excludes Pre-K),95.1,95.5,95,95.2,94.6,94.5
610295,41.681031,-87.646994,No,NA,All (Excludes Pre-K),95.4,96.4,94.6,95.1,94.3,94.9
610298,41.7471851186,-87.6280769919,No,NA,All (Excludes Pre-K),96.9,97.5,96.5,97.2,96.9,97.1
610299,41.7653075455,-87.6413336817,No,NA,All (Excludes Pre-K),93.5,95.2,95.1,94.3,92.1,92.1
610300,41.748868,-87.634751,No,NA,All (Excludes Pre-K),93.1,93.8,94.1,94.6,93.3,94.6
610308,41.883568,-87.669477,No,NA,All (Excludes Pre-K),79.7,76.2,78.1,77.9,76,73.4
610312,41.733132,-87.589589,No,NA,All (Excludes Pre-K),94.8,95,96.2,96.8,96.9,95.6
610315,41.6722819704,-87.6505377409,No,NA,All (Excludes Pre-K),94.4,93.3,94.1,93.7,94.1,95.1
610316,41.7260800217,-87.5821808889,No,NA,All (Excludes Pre-K),96.8,96.6,96.4,96.9,96.2,96.2
610317,41.8238993023,-87.6921136049,No,NA,All (Excludes Pre-K),95.6,95.9,95.4,95.1,94.7,94.2
610319,41.8293550508,-87.6678531947,No,NA,All (Excludes Pre-K),95.8,95.1,95.5,95.3,96,96
610325,41.9339427625,-87.7080400421,No,NA,All (Excludes Pre-K),94.4,95.8,96,96.1,95.2,95.6
610329,41.8577273722,-87.675209851100007,No,NA,All (Excludes Pre-K),96.7,97.3,96.8,96.7,96.1,96.7
610339,41.7589247325,-87.6492166936,No,NA,All (Excludes Pre-K),93.2,95.8,95.9,96.6,96,96.2
610340,41.9421377375,-87.7764315436,No,NA,All (Excludes Pre-K),92.7,93.2,91.5,93.2,92.4,93
610342,41.9067883749,-87.6830491568,No,NA,All (Excludes Pre-K),94.6,95.3,94.8,95,93.8,94.6
610350,41.7296918105,-87.5766795781,No,NA,All (Excludes Pre-K),95.6,96,95.2,95.9,95.4,95.7
610352,41.7388432818,-87.7299919208,No,NA,All (Excludes Pre-K),94.6,95.4,95.1,95.7,94.9,95.4
610353,41.824349892,-87.7116528769,No,NA,All (Excludes Pre-K),95.3,95.8,96,96.2,95.6,95.9
610354,41.961721,-87.707151,No,NA,All (Excludes Pre-K),96.6,96.8,96.6,97.2,95.9,95.8
610357,41.8477616949,-87.6989461065,No,NA,All (Excludes Pre-K),91.4,90.3,89.1,90.1,87.4,88.2
610362,41.7156648242,-87.6393420883,No,NA,All (Excludes Pre-K),95.3,96.2,96.6,97.4,96.8,97.1
610363,41.956816,-87.646083,No,NA,All (Excludes Pre-K),96.1,96.4,96.2,96.3,96,95.7
610364,41.6537055394,-87.6143199049,No,NA,All (Excludes Pre-K),94.4,93.7,94.3,94.7,93.9,95
610366,41.716193,-87.648044,No,NA,All (Excludes Pre-K),93.2,95,95.4,96.5,96.2,95.9
610369,41.734125,-87.646767,No,NA,All (Excludes Pre-K),90.8,94.2,93.6,91.4,93.3,94.4
610380,41.8045587818,-87.6244105618,No,NA,All (Excludes Pre-K),89.7,88.6,90,88.5,87,86.5
610383,41.833507,-87.735299,No,NA,All (Excludes Pre-K),91.9,91.5,92,90.1,89.4,90.1
610384,41.8360356838,-87.7341216352,No,NA,All (Excludes Pre-K),93.6,92.4,92,93.5,92.8,93.1
610386,41.8035147161,-87.667377765,No,NA,All (Excludes Pre-K),87.3,87.1,86.3,86.7,85.5,86.1
610390,41.98902071,-87.6657885083,No,NA,All (Excludes Pre-K),92.9,92.7,92.9,92.7,90.3,91.2
610392,41.8343966172,-87.7352922173,No,NA,All (Excludes Pre-K),93.5,93.3,92.5,93.1,90.8,91.7
610396,41.7643796388,-87.7064440062,No,NA,All (Excludes Pre-K),95.6,96,95.2,95.9,95.4,96
610402,41.9413876402,-87.6907613918,No,NA,All (Excludes Pre-K),96.6,94.1,95.3,96.1,95.6,95.2
610405,41.8831870827,-87.6776352888,No,NA,All (Excludes Pre-K),96.1,96,95.7,95.5,95.1,95.2
610499,41.8641432818,-87.7020776088,No,NA,All (Excludes Pre-K),78.6,79.2,79.4,80.7,83.6,85.6
610515,41.9504605058,-87.7306783758,No,NA,All (Excludes Pre-K),97.1,97.3,96.4,96.6,95.9,95.7
610520,41.902914,-87.673696,No,NA,All (Excludes Pre-K),94.9,95.7,94.8,95.6,95,95.4
610521,41.771221,-87.66653,No,NA,All (Excludes Pre-K),91.8,93,94.2,95.7,94.8,95
610523,41.9942377128,-87.8137344489,No,NA,All (Excludes Pre-K),95.3,96,95.8,95.8,95.7,95.7
610529,41.8935202033,-87.6594038896,No,NA,All (Excludes Pre-K),91.4,91.1,92.4,93.9,93.8,94.3
610532,41.7934518969,-87.7113690304,No,NA,All (Excludes Pre-K),95.9,94,95.7,95.9,94.1,95.3
610533,41.9213167955,-87.7658172994,No,NA,All (Excludes Pre-K),93.4,95.3,95.2,95.4,94.9,95.1
610534,41.9050816857,-87.6448406242,No,NA,All (Excludes Pre-K),96.4,96.8,96.7,97,96.1,96.1
610539,41.9349306229,-87.770127258,No,NA,All (Excludes Pre-K),94.2,95.1,95.1,96.1,95.8,96.3
610541,41.9400259138,-87.7247831232,No,NA,All (Excludes Pre-K),95.3,96.1,95.7,96.5,96,95.8
610542,42.0029587615,-87.7058804162,No,NA,All (Excludes Pre-K),94.6,94.6,94.8,94.8,94.5,95
610543,41.7952005554,-87.7110588222,No,NA,All (Excludes Pre-K),91.7,93.2,93.8,94.5,94.1,94
610544,41.771079,-87.73992,No,NA,All (Excludes Pre-K),95.5,96,95,95.6,94.8,95.3
610548,41.8685484462,-87.6649682527,No,NA,All (Excludes Pre-K),96.7,97.1,96.9,96.9,96.6,96.3
610557,41.735211585,-87.7040593885,No,NA,All (Excludes Pre-K),86.2,71.7,83.3,43.6,47.4,69.1
610558,41.7537492043,-87.707381987,No,NA,All (Excludes Pre-K),95.3,94.1,92.8,91.5,89.5,89.7
609682,41.8028808665,-87.6623145142,Yes,2015,All (Excludes Pre-K),79.1,83.7,84.4,77.9,76.9,77.6
609704,41.8485592157,-87.708742323,Yes,2015,All (Excludes Pre-K),83.9,87.7,87.7,87.5,85.8,86.5
609705,41.6899507253,-87.6375720508,Yes,2015,All (Excludes Pre-K),80.3,80,83.5,86.5,86.3,87
609707,41.7697134171,-87.6371893707,Yes,2015,All (Excludes Pre-K),76,81.1,80.2,76.8,82.5,83.8
609709,41.791012839,-87.6889539419,Yes,2015,All (Excludes Pre-K),76.9,79.1,85,90.5,91.5,90.6
609710,41.718372,-87.620623,Yes,2015,All (Excludes Pre-K),71.1,77.8,79.7,83.4,82.3,83.2
609711,41.775124,-87.669089,Yes,2015,All (Excludes Pre-K),78.4,84.1,85.7,85.9,81,84.5
609712,41.753747956,-87.6017272664,Yes,2015,All (Excludes Pre-K),65.7,68.4,74.3,76.8,80.2,80
609713,41.7822569275,-87.5866150099,Yes,2015,All (Excludes Pre-K),72.2,80.9,83.2,86.4,86.3,86.9
609722,41.8709389566,-87.6998955904,Yes,2015,All (Excludes Pre-K),79.5,83.6,85.3,80.6,73.9,74.1
609723,41.8784166477,-87.7080494804,Yes,2015,All (Excludes Pre-K),75.1,81.3,86.4,89.3,79,73.7
609725,41.692011124,-87.665675573,Yes,2015,All (Excludes Pre-K),86.4,85.9,85.7,88.4,86.1,83.9
609726,41.6927350915,-87.6163519047,Yes,2015,All (Excludes Pre-K),88.9,89.2,92.1,92.1,91.4,89.3
609727,41.823852531,-87.6197957427,Yes,2015,All (Excludes Pre-K),77,82.8,75.6,81.1,80.4,83.2
609735,41.807509471,-87.6430031534,Yes,2015,All (Excludes Pre-K),75.5,81.4,81,80.8,80.7,81.6
609744,41.982945085,-87.7223855843,Yes,2015,All (Excludes Pre-K),90.4,90.8,92.5,91.8,91.9,90.8
609754,41.8305544189,-87.619252226,Yes,2015,All (Excludes Pre-K),90,89.7,89.9,92.9,91.8,92.1
609759,41.9026253078,-87.6869428732,Yes,2015,All (Excludes Pre-K),81.2,82,82,82.7,82.7,80.7
609761,41.7066596171,-87.6012158766,Yes,2015,All (Excludes Pre-K),78.1,79.9,80.2,82.2,79,83.8
609768,41.793553,-87.641244,Yes,2015,All (Excludes Pre-K),80,81.1,84,85.9,83.7,85.7
609769,41.8496748572,-87.62535151,Yes,2015,All (Excludes Pre-K),88.7,88.6,88.1,89.2,86.3,84.5
609790,41.7541938505,-87.6709271289,Yes,2015,All (Excludes Pre-K),90.9,92.1,92.8,94.2,93.7,93.8
609819,41.7967595641,-87.6161405241,Yes,2015,All (Excludes Pre-K),88.1,92,92.2,93.6,93.2,93.3
609848,41.6573775273,-87.6064739047,Yes,2015,All (Excludes Pre-K),93.3,91.7,90.4,91.7,93.5,92.5
609941,41.760614,-87.675966,Yes,2015,All (Excludes Pre-K),92.2,94.2,94.8,94.9,94.8,94.7
609964,41.8072410102,-87.6612113305,Yes,2015,All (Excludes Pre-K),94.2,93.3,95,94.2,92.7,93.9
610012,41.9020539966,-87.6410922744,Yes,2015,All (Excludes Pre-K),91.7,92.3,92.5,92.8,94.5,94.6
610037,41.7976848326,-87.6599328179,Yes,2015,All (Excludes Pre-K),90.1,92.2,93.7,96.5,95.4,95.1
610116,41.768555,-87.582954,Yes,2015,All (Excludes Pre-K),87.6,90.5,90.7,94.3,95.1,94.8
610183,41.884876,-87.750445,Yes,2015,All (Excludes Pre-K),93.1,95.2,94.4,94.1,93.4,95.3
610184,41.8477467228,-87.7001844722,Yes,2015,All (Excludes Pre-K),95.3,95.7,94.5,94.2,93.5,94.1
610226,41.792346,-87.710987,Yes,2015,All (Excludes Pre-K),95.6,95.6,95.7,96.4,95.8,95.9
610238,41.7653605665,-87.6530177863,Yes,2015,All (Excludes Pre-K),89.8,94,94,94.4,93.8,94.3
610244,41.872885,-87.753325,Yes,2015,All (Excludes Pre-K),90.2,91.5,90.8,92.4,93,91.5
610323,41.7337060939,-87.5577592347,Yes,2015,All (Excludes Pre-K),80.8,85.9,88.3,87,82.2,82.1
610345,41.8144987958,-87.6084187685,Yes,2015,All (Excludes Pre-K),87.9,91.5,93.4,93.1,93.3,93.7
610347,41.7774830723,-87.6810603943,Yes,2015,All (Excludes Pre-K),91,92,92.2,95,94.5,94.7
610385,41.8352818736,-87.735283297,Yes,2015,All (Excludes Pre-K),91,88.7,88.9,86,84.4,89.3
610389,41.8944488267,-87.7261663315,Yes,2015,All (Excludes Pre-K),72.8,71.4,76.9,74.3,62.1,73.1
610391,41.7820408035,-87.6716618501,Yes,2015,All (Excludes Pre-K),93.3,93.4,93.3,93.2,91.6,91.7
610394,41.9655200273,-87.6524725409,Yes,2015,All (Excludes Pre-K),86.9,88.3,90.2,89.8,86.6,84.7
610513,41.828145,-87.632757,Yes,2015,All (Excludes Pre-K),89.9,92.3,92.1,91.4,89.3,91.3
610524,41.9357940435,-87.6805987584,Yes,2015,All (Excludes Pre-K),90.9,88.5,91.3,91.5,88.7,90.8
610547,41.7587916633,-87.5763526381,Yes,2015,All (Excludes Pre-K),88.8,90.5,87,90.2,90.1,90.9
